{
    "dependency_tree": {
        "__AUTOGENERATED_FILE_DO_NOT_MODIFY_THIS_FILE_MANUALLY": "THERE_IS_NO_DATA_ONLY_ZUUL",
        "__INPUT_ARTIFACTS_HASH": -1875290602,
        "__RESOLVED_ARTIFACTS_HASH": -1248440885,
        "conflict_resolution": {
            "com.google.errorprone:error_prone_annotations:2.5.1": "com.google.errorprone:error_prone_annotations:2.11.0"
        },
        "dependencies": [
            {
                "coord": "com.google.auto.value:auto-value-annotations:1.8.1",
                "dependencies": [],
                "directDependencies": [],
                "file": "v1/https/repo1.maven.org/maven2/com/google/auto/value/auto-value-annotations/1.8.1/auto-value-annotations-1.8.1.jar",
                "mirror_urls": [
                    "https://repo1.maven.org/maven2/com/google/auto/value/auto-value-annotations/1.8.1/auto-value-annotations-1.8.1.jar",
                    "https://repo.maven.apache.org/maven2/com/google/auto/value/auto-value-annotations/1.8.1/auto-value-annotations-1.8.1.jar"
                ],
                "sha256": "37ec09b47d7ed35a99d13927db5c86fc9071f620f943ead5d757144698310852",
                "url": "https://repo1.maven.org/maven2/com/google/auto/value/auto-value-annotations/1.8.1/auto-value-annotations-1.8.1.jar"
            },
            {
                "coord": "com.google.caliper:caliper-api:1.0-beta-3",
                "dependencies": [
                    "com.google.guava:guava:31.1-jre",
                    "joda-time:joda-time:2.10.10"
                ],
                "directDependencies": [
                    "com.google.guava:guava:31.1-jre",
                    "joda-time:joda-time:2.10.10"
                ],
                "file": "v1/https/repo1.maven.org/maven2/com/google/caliper/caliper-api/1.0-beta-3/caliper-api-1.0-beta-3.jar",
                "mirror_urls": [
                    "https://repo1.maven.org/maven2/com/google/caliper/caliper-api/1.0-beta-3/caliper-api-1.0-beta-3.jar",
                    "https://repo.maven.apache.org/maven2/com/google/caliper/caliper-api/1.0-beta-3/caliper-api-1.0-beta-3.jar"
                ],
                "sha256": "374f0c6c0c1f8784cb69d885e1dcbb7498c34ca20369e0597264568530642928",
                "url": "https://repo1.maven.org/maven2/com/google/caliper/caliper-api/1.0-beta-3/caliper-api-1.0-beta-3.jar"
            },
            {
                "coord": "com.google.caliper:caliper-core:1.0-beta-3",
                "dependencies": [
                    "com.google.auto.value:auto-value-annotations:1.8.1",
                    "com.google.caliper:caliper-api:1.0-beta-3",
                    "com.google.caliper:caliper-util:1.0-beta-3",
                    "com.google.code.gson:gson:2.8.9",
                    "com.google.dagger:dagger:2.22.1",
                    "com.google.guava:guava:31.1-jre",
                    "com.squareup.okhttp:okhttp:2.7.5",
                    "com.squareup.okio:okio:1.6.0",
                    "javax.inject:javax.inject:1",
                    "joda-time:joda-time:2.10.10"
                ],
                "directDependencies": [
                    "com.google.auto.value:auto-value-annotations:1.8.1",
                    "com.google.caliper:caliper-api:1.0-beta-3",
                    "com.google.caliper:caliper-util:1.0-beta-3",
                    "com.google.dagger:dagger:2.22.1",
                    "com.google.guava:guava:31.1-jre",
                    "com.squareup.okhttp:okhttp:2.7.5",
                    "joda-time:joda-time:2.10.10"
                ],
                "file": "v1/https/repo1.maven.org/maven2/com/google/caliper/caliper-core/1.0-beta-3/caliper-core-1.0-beta-3.jar",
                "mirror_urls": [
                    "https://repo1.maven.org/maven2/com/google/caliper/caliper-core/1.0-beta-3/caliper-core-1.0-beta-3.jar",
                    "https://repo.maven.apache.org/maven2/com/google/caliper/caliper-core/1.0-beta-3/caliper-core-1.0-beta-3.jar"
                ],
                "sha256": "514deac8f8b09dd4262733e0a4406a333208c899dc7ea726b03600b9bb94f192",
                "url": "https://repo1.maven.org/maven2/com/google/caliper/caliper-core/1.0-beta-3/caliper-core-1.0-beta-3.jar"
            },
            {
                "coord": "com.google.caliper:caliper-runner:1.0-beta-3",
                "dependencies": [
                    "com.google.auto.value:auto-value-annotations:1.8.1",
                    "com.google.caliper:caliper-api:1.0-beta-3",
                    "com.google.caliper:caliper-core:1.0-beta-3",
                    "com.google.caliper:caliper-util:1.0-beta-3",
                    "com.google.code.gson:gson:2.8.9",
                    "com.google.dagger:dagger-producers:2.22.1",
                    "com.google.dagger:dagger:2.22.1",
                    "com.google.guava:guava:31.1-jre",
                    "com.squareup.okhttp:okhttp:2.7.5",
                    "com.squareup.okio:okio:1.6.0",
                    "javax.inject:javax.inject:1",
                    "joda-time:joda-time:2.10.10",
                    "org.checkerframework:checker-compat-qual:2.5.3"
                ],
                "directDependencies": [
                    "com.google.caliper:caliper-api:1.0-beta-3",
                    "com.google.caliper:caliper-core:1.0-beta-3",
                    "com.google.caliper:caliper-util:1.0-beta-3",
                    "com.google.dagger:dagger-producers:2.22.1",
                    "com.google.dagger:dagger:2.22.1",
                    "com.google.guava:guava:31.1-jre",
                    "com.squareup.okhttp:okhttp:2.7.5",
                    "joda-time:joda-time:2.10.10"
                ],
                "file": "v1/https/repo1.maven.org/maven2/com/google/caliper/caliper-runner/1.0-beta-3/caliper-runner-1.0-beta-3.jar",
                "mirror_urls": [
                    "https://repo1.maven.org/maven2/com/google/caliper/caliper-runner/1.0-beta-3/caliper-runner-1.0-beta-3.jar",
                    "https://repo.maven.apache.org/maven2/com/google/caliper/caliper-runner/1.0-beta-3/caliper-runner-1.0-beta-3.jar"
                ],
                "sha256": "3ab58890aa01343361adedf859500d280f67813df0cedfcd165b169533b9b1fa",
                "url": "https://repo1.maven.org/maven2/com/google/caliper/caliper-runner/1.0-beta-3/caliper-runner-1.0-beta-3.jar"
            },
            {
                "coord": "com.google.caliper:caliper-util:1.0-beta-3",
                "dependencies": [
                    "com.google.code.gson:gson:2.8.9",
                    "com.google.dagger:dagger:2.22.1",
                    "com.google.guava:guava:31.1-jre",
                    "javax.inject:javax.inject:1",
                    "joda-time:joda-time:2.10.10"
                ],
                "directDependencies": [
                    "com.google.code.gson:gson:2.8.9",
                    "com.google.dagger:dagger:2.22.1",
                    "com.google.guava:guava:31.1-jre",
                    "joda-time:joda-time:2.10.10"
                ],
                "file": "v1/https/repo1.maven.org/maven2/com/google/caliper/caliper-util/1.0-beta-3/caliper-util-1.0-beta-3.jar",
                "mirror_urls": [
                    "https://repo1.maven.org/maven2/com/google/caliper/caliper-util/1.0-beta-3/caliper-util-1.0-beta-3.jar",
                    "https://repo.maven.apache.org/maven2/com/google/caliper/caliper-util/1.0-beta-3/caliper-util-1.0-beta-3.jar"
                ],
                "sha256": "6e9af500c7020450dfdb5003d09501d512d395f431c54c7ee8f79e712463fe66",
                "url": "https://repo1.maven.org/maven2/com/google/caliper/caliper-util/1.0-beta-3/caliper-util-1.0-beta-3.jar"
            },
            {
                "coord": "com.google.caliper:caliper-worker-jvm:1.0-beta-3",
                "dependencies": [
                    "com.google.auto.value:auto-value-annotations:1.8.1",
                    "com.google.caliper:caliper-api:1.0-beta-3",
                    "com.google.caliper:caliper-core:1.0-beta-3",
                    "com.google.caliper:caliper-util:1.0-beta-3",
                    "com.google.caliper:caliper-worker:1.0-beta-3",
                    "com.google.code.gson:gson:2.8.9",
                    "com.google.code.java-allocation-instrumenter:java-allocation-instrumenter:3.3.0",
                    "com.google.dagger:dagger:2.22.1",
                    "com.google.guava:guava:31.1-jre",
                    "com.squareup.okhttp:okhttp:2.7.5",
                    "com.squareup.okio:okio:1.6.0",
                    "com.sun.jersey:jersey-client:1.19.4",
                    "com.sun.jersey:jersey-core:1.19.4",
                    "javax.annotation:javax.annotation-api:1.3.2",
                    "javax.inject:javax.inject:1",
                    "javax.ws.rs:jsr311-api:1.1.1",
                    "joda-time:joda-time:2.10.10",
                    "org.ow2.asm:asm-analysis:7.2",
                    "org.ow2.asm:asm-commons:7.2",
                    "org.ow2.asm:asm-tree:7.2",
                    "org.ow2.asm:asm-util:7.2",
                    "org.ow2.asm:asm:9.0"
                ],
                "directDependencies": [
                    "com.google.caliper:caliper-core:1.0-beta-3",
                    "com.google.caliper:caliper-worker:1.0-beta-3",
                    "com.google.code.java-allocation-instrumenter:java-allocation-instrumenter:3.3.0",
                    "com.google.dagger:dagger:2.22.1",
                    "com.google.guava:guava:31.1-jre",
                    "com.sun.jersey:jersey-client:1.19.4"
                ],
                "file": "v1/https/repo1.maven.org/maven2/com/google/caliper/caliper-worker-jvm/1.0-beta-3/caliper-worker-jvm-1.0-beta-3.jar",
                "mirror_urls": [
                    "https://repo1.maven.org/maven2/com/google/caliper/caliper-worker-jvm/1.0-beta-3/caliper-worker-jvm-1.0-beta-3.jar",
                    "https://repo.maven.apache.org/maven2/com/google/caliper/caliper-worker-jvm/1.0-beta-3/caliper-worker-jvm-1.0-beta-3.jar"
                ],
                "sha256": "e14e1ecfdf939c82abdb902105be41ff3f83c18cb968116232015f2662d065a4",
                "url": "https://repo1.maven.org/maven2/com/google/caliper/caliper-worker-jvm/1.0-beta-3/caliper-worker-jvm-1.0-beta-3.jar"
            },
            {
                "coord": "com.google.caliper:caliper-worker:1.0-beta-3",
                "dependencies": [
                    "com.google.auto.value:auto-value-annotations:1.8.1",
                    "com.google.caliper:caliper-api:1.0-beta-3",
                    "com.google.caliper:caliper-core:1.0-beta-3",
                    "com.google.caliper:caliper-util:1.0-beta-3",
                    "com.google.code.gson:gson:2.8.9",
                    "com.google.dagger:dagger:2.22.1",
                    "com.google.guava:guava:31.1-jre",
                    "com.squareup.okhttp:okhttp:2.7.5",
                    "com.squareup.okio:okio:1.6.0",
                    "javax.inject:javax.inject:1",
                    "joda-time:joda-time:2.10.10"
                ],
                "directDependencies": [
                    "com.google.caliper:caliper-api:1.0-beta-3",
                    "com.google.caliper:caliper-core:1.0-beta-3",
                    "com.google.caliper:caliper-util:1.0-beta-3",
                    "com.google.dagger:dagger:2.22.1",
                    "com.google.guava:guava:31.1-jre",
                    "com.squareup.okhttp:okhttp:2.7.5",
                    "joda-time:joda-time:2.10.10"
                ],
                "file": "v1/https/repo1.maven.org/maven2/com/google/caliper/caliper-worker/1.0-beta-3/caliper-worker-1.0-beta-3.jar",
                "mirror_urls": [
                    "https://repo1.maven.org/maven2/com/google/caliper/caliper-worker/1.0-beta-3/caliper-worker-1.0-beta-3.jar",
                    "https://repo.maven.apache.org/maven2/com/google/caliper/caliper-worker/1.0-beta-3/caliper-worker-1.0-beta-3.jar"
                ],
                "sha256": "315d8e51df1f60551645a0e3bf2c504d2c79762f688e6f728eb9d1d9cd9a491b",
                "url": "https://repo1.maven.org/maven2/com/google/caliper/caliper-worker/1.0-beta-3/caliper-worker-1.0-beta-3.jar"
            },
            {
                "coord": "com.google.caliper:caliper:1.0-beta-3",
                "dependencies": [
                    "com.google.auto.value:auto-value-annotations:1.8.1",
                    "com.google.caliper:caliper-api:1.0-beta-3",
                    "com.google.caliper:caliper-core:1.0-beta-3",
                    "com.google.caliper:caliper-runner:1.0-beta-3",
                    "com.google.caliper:caliper-util:1.0-beta-3",
                    "com.google.caliper:caliper-worker-jvm:1.0-beta-3",
                    "com.google.caliper:caliper-worker:1.0-beta-3",
                    "com.google.code.gson:gson:2.8.9",
                    "com.google.code.java-allocation-instrumenter:java-allocation-instrumenter:3.3.0",
                    "com.google.dagger:dagger-producers:2.22.1",
                    "com.google.dagger:dagger:2.22.1",
                    "com.google.guava:guava:31.1-jre",
                    "com.squareup.okhttp:okhttp:2.7.5",
                    "com.squareup.okio:okio:1.6.0",
                    "com.sun.jersey:jersey-client:1.19.4",
                    "com.sun.jersey:jersey-core:1.19.4",
                    "javax.annotation:javax.annotation-api:1.3.2",
                    "javax.inject:javax.inject:1",
                    "javax.ws.rs:jsr311-api:1.1.1",
                    "joda-time:joda-time:2.10.10",
                    "org.checkerframework:checker-compat-qual:2.5.3",
                    "org.ow2.asm:asm-analysis:7.2",
                    "org.ow2.asm:asm-commons:7.2",
                    "org.ow2.asm:asm-tree:7.2",
                    "org.ow2.asm:asm-util:7.2",
                    "org.ow2.asm:asm:9.0"
                ],
                "directDependencies": [
                    "com.google.caliper:caliper-core:1.0-beta-3",
                    "com.google.caliper:caliper-runner:1.0-beta-3",
                    "com.google.caliper:caliper-worker-jvm:1.0-beta-3",
                    "com.google.code.java-allocation-instrumenter:java-allocation-instrumenter:3.3.0",
                    "com.google.dagger:dagger:2.22.1",
                    "com.google.guava:guava:31.1-jre",
                    "com.sun.jersey:jersey-client:1.19.4"
                ],
                "file": "v1/https/repo1.maven.org/maven2/com/google/caliper/caliper/1.0-beta-3/caliper-1.0-beta-3.jar",
                "mirror_urls": [
                    "https://repo1.maven.org/maven2/com/google/caliper/caliper/1.0-beta-3/caliper-1.0-beta-3.jar",
                    "https://repo.maven.apache.org/maven2/com/google/caliper/caliper/1.0-beta-3/caliper-1.0-beta-3.jar"
                ],
                "sha256": "d54e1bfdbe9359a79e175c217b8d472555cf20da9c5c0a18bdb1ea7db979ed8e",
                "url": "https://repo1.maven.org/maven2/com/google/caliper/caliper/1.0-beta-3/caliper-1.0-beta-3.jar"
            },
            {
                "coord": "com.google.code.findbugs:jsr305:3.0.2",
                "dependencies": [],
                "directDependencies": [],
                "file": "v1/https/repo1.maven.org/maven2/com/google/code/findbugs/jsr305/3.0.2/jsr305-3.0.2.jar",
                "mirror_urls": [
                    "https://repo1.maven.org/maven2/com/google/code/findbugs/jsr305/3.0.2/jsr305-3.0.2.jar",
                    "https://repo.maven.apache.org/maven2/com/google/code/findbugs/jsr305/3.0.2/jsr305-3.0.2.jar"
                ],
                "sha256": "766ad2a0783f2687962c8ad74ceecc38a28b9f72a2d085ee438b7813e928d0c7",
                "url": "https://repo1.maven.org/maven2/com/google/code/findbugs/jsr305/3.0.2/jsr305-3.0.2.jar"
            },
            {
                "coord": "com.google.code.gson:gson:2.8.9",
                "dependencies": [],
                "directDependencies": [],
                "file": "v1/https/repo1.maven.org/maven2/com/google/code/gson/gson/2.8.9/gson-2.8.9.jar",
                "mirror_urls": [
                    "https://repo1.maven.org/maven2/com/google/code/gson/gson/2.8.9/gson-2.8.9.jar",
                    "https://repo.maven.apache.org/maven2/com/google/code/gson/gson/2.8.9/gson-2.8.9.jar"
                ],
                "sha256": "d3999291855de495c94c743761b8ab5176cfeabe281a5ab0d8e8d45326fd703e",
                "url": "https://repo1.maven.org/maven2/com/google/code/gson/gson/2.8.9/gson-2.8.9.jar"
            },
            {
                "coord": "com.google.code.java-allocation-instrumenter:java-allocation-instrumenter:3.3.0",
                "dependencies": [
                    "com.google.guava:guava:31.1-jre",
                    "javax.annotation:javax.annotation-api:1.3.2",
                    "org.ow2.asm:asm-analysis:7.2",
                    "org.ow2.asm:asm-commons:7.2",
                    "org.ow2.asm:asm-tree:7.2",
                    "org.ow2.asm:asm-util:7.2",
                    "org.ow2.asm:asm:9.0"
                ],
                "directDependencies": [
                    "com.google.guava:guava:31.1-jre",
                    "javax.annotation:javax.annotation-api:1.3.2",
                    "org.ow2.asm:asm-analysis:7.2",
                    "org.ow2.asm:asm-commons:7.2",
                    "org.ow2.asm:asm-tree:7.2",
                    "org.ow2.asm:asm-util:7.2",
                    "org.ow2.asm:asm:9.0"
                ],
                "file": "v1/https/repo1.maven.org/maven2/com/google/code/java-allocation-instrumenter/java-allocation-instrumenter/3.3.0/java-allocation-instrumenter-3.3.0.jar",
                "mirror_urls": [
                    "https://repo1.maven.org/maven2/com/google/code/java-allocation-instrumenter/java-allocation-instrumenter/3.3.0/java-allocation-instrumenter-3.3.0.jar",
                    "https://repo.maven.apache.org/maven2/com/google/code/java-allocation-instrumenter/java-allocation-instrumenter/3.3.0/java-allocation-instrumenter-3.3.0.jar"
                ],
                "sha256": "1ef5535a8bd41cf3072469f381b9ee6ab28275311a7499f53d6e52adf976fef0",
                "url": "https://repo1.maven.org/maven2/com/google/code/java-allocation-instrumenter/java-allocation-instrumenter/3.3.0/java-allocation-instrumenter-3.3.0.jar"
            },
            {
                "coord": "com.google.dagger:dagger-producers:2.22.1",
                "dependencies": [
                    "com.google.dagger:dagger:2.22.1",
                    "com.google.guava:guava:31.1-jre",
                    "javax.inject:javax.inject:1",
                    "org.checkerframework:checker-compat-qual:2.5.3"
                ],
                "directDependencies": [
                    "com.google.dagger:dagger:2.22.1",
                    "com.google.guava:guava:31.1-jre",
                    "javax.inject:javax.inject:1",
                    "org.checkerframework:checker-compat-qual:2.5.3"
                ],
                "file": "v1/https/repo1.maven.org/maven2/com/google/dagger/dagger-producers/2.22.1/dagger-producers-2.22.1.jar",
                "mirror_urls": [
                    "https://repo1.maven.org/maven2/com/google/dagger/dagger-producers/2.22.1/dagger-producers-2.22.1.jar",
                    "https://repo.maven.apache.org/maven2/com/google/dagger/dagger-producers/2.22.1/dagger-producers-2.22.1.jar"
                ],
                "sha256": "f834a0082014213a68ff06a0f048d750178d02196c58b0b15beb367d32b97e35",
                "url": "https://repo1.maven.org/maven2/com/google/dagger/dagger-producers/2.22.1/dagger-producers-2.22.1.jar"
            },
            {
                "coord": "com.google.dagger:dagger:2.22.1",
                "dependencies": [
                    "javax.inject:javax.inject:1"
                ],
                "directDependencies": [
                    "javax.inject:javax.inject:1"
                ],
                "file": "v1/https/repo1.maven.org/maven2/com/google/dagger/dagger/2.22.1/dagger-2.22.1.jar",
                "mirror_urls": [
                    "https://repo1.maven.org/maven2/com/google/dagger/dagger/2.22.1/dagger-2.22.1.jar",
                    "https://repo.maven.apache.org/maven2/com/google/dagger/dagger/2.22.1/dagger-2.22.1.jar"
                ],
                "sha256": "329d4340f24c4f5717af016c097e90668bfea2a5376e6aa9964b01cef3fd241a",
                "url": "https://repo1.maven.org/maven2/com/google/dagger/dagger/2.22.1/dagger-2.22.1.jar"
            },
            {
                "coord": "com.google.errorprone:error_prone_annotations:2.11.0",
                "dependencies": [],
                "directDependencies": [],
                "file": "v1/https/repo1.maven.org/maven2/com/google/errorprone/error_prone_annotations/2.11.0/error_prone_annotations-2.11.0.jar",
                "mirror_urls": [
                    "https://repo1.maven.org/maven2/com/google/errorprone/error_prone_annotations/2.11.0/error_prone_annotations-2.11.0.jar",
                    "https://repo.maven.apache.org/maven2/com/google/errorprone/error_prone_annotations/2.11.0/error_prone_annotations-2.11.0.jar"
                ],
                "sha256": "721cb91842b46fa056847d104d5225c8b8e1e8b62263b993051e1e5a0137b7ec",
                "url": "https://repo1.maven.org/maven2/com/google/errorprone/error_prone_annotations/2.11.0/error_prone_annotations-2.11.0.jar"
            },
            {
                "coord": "com.google.guava:failureaccess:1.0.1",
                "dependencies": [],
                "directDependencies": [],
                "file": "v1/https/repo1.maven.org/maven2/com/google/guava/failureaccess/1.0.1/failureaccess-1.0.1.jar",
                "mirror_urls": [
                    "https://repo1.maven.org/maven2/com/google/guava/failureaccess/1.0.1/failureaccess-1.0.1.jar",
                    "https://repo.maven.apache.org/maven2/com/google/guava/failureaccess/1.0.1/failureaccess-1.0.1.jar"
                ],
                "sha256": "a171ee4c734dd2da837e4b16be9df4661afab72a41adaf31eb84dfdaf936ca26",
                "url": "https://repo1.maven.org/maven2/com/google/guava/failureaccess/1.0.1/failureaccess-1.0.1.jar"
            },
            {
                "coord": "com.google.guava:guava-testlib:31.1-jre",
                "dependencies": [
                    "com.google.code.findbugs:jsr305:3.0.2",
                    "com.google.errorprone:error_prone_annotations:2.11.0",
                    "com.google.guava:failureaccess:1.0.1",
                    "com.google.guava:guava:31.1-jre",
                    "com.google.guava:listenablefuture:9999.0-empty-to-avoid-conflict-with-guava",
                    "com.google.j2objc:j2objc-annotations:1.3",
                    "junit:junit:4.13.2",
                    "org.checkerframework:checker-qual:3.12.0",
                    "org.hamcrest:hamcrest-core:1.3"
                ],
                "directDependencies": [
                    "com.google.code.findbugs:jsr305:3.0.2",
                    "com.google.errorprone:error_prone_annotations:2.11.0",
                    "com.google.guava:guava:31.1-jre",
                    "com.google.j2objc:j2objc-annotations:1.3",
                    "junit:junit:4.13.2",
                    "org.checkerframework:checker-qual:3.12.0"
                ],
                "file": "v1/https/repo1.maven.org/maven2/com/google/guava/guava-testlib/31.1-jre/guava-testlib-31.1-jre.jar",
                "mirror_urls": [
                    "https://repo1.maven.org/maven2/com/google/guava/guava-testlib/31.1-jre/guava-testlib-31.1-jre.jar",
                    "https://repo.maven.apache.org/maven2/com/google/guava/guava-testlib/31.1-jre/guava-testlib-31.1-jre.jar"
                ],
                "sha256": "aadc71b10d5c3ac474dd16be84cfb18d257e584d1e0a59f8cab64ef4376226ce",
                "url": "https://repo1.maven.org/maven2/com/google/guava/guava-testlib/31.1-jre/guava-testlib-31.1-jre.jar"
            },
            {
                "coord": "com.google.guava:guava:31.1-jre",
                "dependencies": [
                    "com.google.code.findbugs:jsr305:3.0.2",
                    "com.google.errorprone:error_prone_annotations:2.11.0",
                    "com.google.guava:failureaccess:1.0.1",
                    "com.google.guava:listenablefuture:9999.0-empty-to-avoid-conflict-with-guava",
                    "com.google.j2objc:j2objc-annotations:1.3",
                    "org.checkerframework:checker-qual:3.12.0"
                ],
                "directDependencies": [
                    "com.google.code.findbugs:jsr305:3.0.2",
                    "com.google.errorprone:error_prone_annotations:2.11.0",
                    "com.google.guava:failureaccess:1.0.1",
                    "com.google.guava:listenablefuture:9999.0-empty-to-avoid-conflict-with-guava",
                    "com.google.j2objc:j2objc-annotations:1.3",
                    "org.checkerframework:checker-qual:3.12.0"
                ],
                "file": "v1/https/repo1.maven.org/maven2/com/google/guava/guava/31.1-jre/guava-31.1-jre.jar",
                "mirror_urls": [
                    "https://repo1.maven.org/maven2/com/google/guava/guava/31.1-jre/guava-31.1-jre.jar",
                    "https://repo.maven.apache.org/maven2/com/google/guava/guava/31.1-jre/guava-31.1-jre.jar"
                ],
                "sha256": "a42edc9cab792e39fe39bb94f3fca655ed157ff87a8af78e1d6ba5b07c4a00ab",
                "url": "https://repo1.maven.org/maven2/com/google/guava/guava/31.1-jre/guava-31.1-jre.jar"
            },
            {
                "coord": "com.google.guava:listenablefuture:9999.0-empty-to-avoid-conflict-with-guava",
                "dependencies": [],
                "directDependencies": [],
                "file": "v1/https/repo1.maven.org/maven2/com/google/guava/listenablefuture/9999.0-empty-to-avoid-conflict-with-guava/listenablefuture-9999.0-empty-to-avoid-conflict-with-guava.jar",
                "mirror_urls": [
                    "https://repo1.maven.org/maven2/com/google/guava/listenablefuture/9999.0-empty-to-avoid-conflict-with-guava/listenablefuture-9999.0-empty-to-avoid-conflict-with-guava.jar",
                    "https://repo.maven.apache.org/maven2/com/google/guava/listenablefuture/9999.0-empty-to-avoid-conflict-with-guava/listenablefuture-9999.0-empty-to-avoid-conflict-with-guava.jar"
                ],
                "sha256": "b372a037d4230aa57fbeffdef30fd6123f9c0c2db85d0aced00c91b974f33f99",
                "url": "https://repo1.maven.org/maven2/com/google/guava/listenablefuture/9999.0-empty-to-avoid-conflict-with-guava/listenablefuture-9999.0-empty-to-avoid-conflict-with-guava.jar"
            },
            {
                "coord": "com.google.j2objc:j2objc-annotations:1.3",
                "dependencies": [],
                "directDependencies": [],
                "file": "v1/https/repo1.maven.org/maven2/com/google/j2objc/j2objc-annotations/1.3/j2objc-annotations-1.3.jar",
                "mirror_urls": [
                    "https://repo1.maven.org/maven2/com/google/j2objc/j2objc-annotations/1.3/j2objc-annotations-1.3.jar",
                    "https://repo.maven.apache.org/maven2/com/google/j2objc/j2objc-annotations/1.3/j2objc-annotations-1.3.jar"
                ],
                "sha256": "21af30c92267bd6122c0e0b4d20cccb6641a37eaf956c6540ec471d584e64a7b",
                "url": "https://repo1.maven.org/maven2/com/google/j2objc/j2objc-annotations/1.3/j2objc-annotations-1.3.jar"
            },
            {
                "coord": "com.google.truth:truth:1.1.2",
                "dependencies": [
                    "com.google.auto.value:auto-value-annotations:1.8.1",
                    "com.google.errorprone:error_prone_annotations:2.11.0",
                    "com.google.guava:guava:31.1-jre",
                    "junit:junit:4.13.2",
                    "org.checkerframework:checker-qual:3.12.0",
                    "org.ow2.asm:asm:9.0"
                ],
                "directDependencies": [
                    "com.google.auto.value:auto-value-annotations:1.8.1",
                    "com.google.errorprone:error_prone_annotations:2.11.0",
                    "com.google.guava:guava:31.1-jre",
                    "junit:junit:4.13.2",
                    "org.checkerframework:checker-qual:3.12.0",
                    "org.ow2.asm:asm:9.0"
                ],
                "file": "v1/https/repo1.maven.org/maven2/com/google/truth/truth/1.1.2/truth-1.1.2.jar",
                "mirror_urls": [
                    "https://repo1.maven.org/maven2/com/google/truth/truth/1.1.2/truth-1.1.2.jar",
                    "https://repo.maven.apache.org/maven2/com/google/truth/truth/1.1.2/truth-1.1.2.jar"
                ],
                "sha256": "a85e03b8b6ae8780f060cfded9500a3d1b5f52808f99a2ea6da9c683313c7518",
                "url": "https://repo1.maven.org/maven2/com/google/truth/truth/1.1.2/truth-1.1.2.jar"
            },
            {
                "coord": "com.squareup.okhttp:okhttp:2.7.5",
                "dependencies": [
                    "com.squareup.okio:okio:1.6.0"
                ],
                "directDependencies": [
                    "com.squareup.okio:okio:1.6.0"
                ],
                "file": "v1/https/repo1.maven.org/maven2/com/squareup/okhttp/okhttp/2.7.5/okhttp-2.7.5.jar",
                "mirror_urls": [
                    "https://repo1.maven.org/maven2/com/squareup/okhttp/okhttp/2.7.5/okhttp-2.7.5.jar",
                    "https://repo.maven.apache.org/maven2/com/squareup/okhttp/okhttp/2.7.5/okhttp-2.7.5.jar"
                ],
                "sha256": "88ac9fd1bb51f82bcc664cc1eb9c225c90dc4389d660231b4cc737bebfe7d0aa",
                "url": "https://repo1.maven.org/maven2/com/squareup/okhttp/okhttp/2.7.5/okhttp-2.7.5.jar"
            },
            {
                "coord": "com.squareup.okio:okio:1.6.0",
                "dependencies": [],
                "directDependencies": [],
                "file": "v1/https/repo1.maven.org/maven2/com/squareup/okio/okio/1.6.0/okio-1.6.0.jar",
                "mirror_urls": [
                    "https://repo1.maven.org/maven2/com/squareup/okio/okio/1.6.0/okio-1.6.0.jar",
                    "https://repo.maven.apache.org/maven2/com/squareup/okio/okio/1.6.0/okio-1.6.0.jar"
                ],
                "sha256": "114bdc1f47338a68bcbc95abf2f5cdc72beeec91812f2fcd7b521c1937876266",
                "url": "https://repo1.maven.org/maven2/com/squareup/okio/okio/1.6.0/okio-1.6.0.jar"
            },
            {
                "coord": "com.sun.jersey:jersey-client:1.19.4",
                "dependencies": [
                    "com.sun.jersey:jersey-core:1.19.4",
                    "javax.ws.rs:jsr311-api:1.1.1"
                ],
                "directDependencies": [
                    "com.sun.jersey:jersey-core:1.19.4"
                ],
                "file": "v1/https/repo1.maven.org/maven2/com/sun/jersey/jersey-client/1.19.4/jersey-client-1.19.4.jar",
                "mirror_urls": [
                    "https://repo1.maven.org/maven2/com/sun/jersey/jersey-client/1.19.4/jersey-client-1.19.4.jar",
                    "https://repo.maven.apache.org/maven2/com/sun/jersey/jersey-client/1.19.4/jersey-client-1.19.4.jar"
                ],
                "sha256": "639c825c5db580f8115bf49ffc893093526d2ed1079fbc929b6a5fbd0b2eda40",
                "url": "https://repo1.maven.org/maven2/com/sun/jersey/jersey-client/1.19.4/jersey-client-1.19.4.jar"
            },
            {
                "coord": "com.sun.jersey:jersey-core:1.19.4",
                "dependencies": [
                    "javax.ws.rs:jsr311-api:1.1.1"
                ],
                "directDependencies": [
                    "javax.ws.rs:jsr311-api:1.1.1"
                ],
                "file": "v1/https/repo1.maven.org/maven2/com/sun/jersey/jersey-core/1.19.4/jersey-core-1.19.4.jar",
                "mirror_urls": [
                    "https://repo1.maven.org/maven2/com/sun/jersey/jersey-core/1.19.4/jersey-core-1.19.4.jar",
                    "https://repo.maven.apache.org/maven2/com/sun/jersey/jersey-core/1.19.4/jersey-core-1.19.4.jar"
                ],
                "sha256": "64b03198e0264849d0fc341857ebcc9c882b1909a2dc35a0972fe7d901b826e5",
                "url": "https://repo1.maven.org/maven2/com/sun/jersey/jersey-core/1.19.4/jersey-core-1.19.4.jar"
            },
            {
                "coord": "javax.annotation:javax.annotation-api:1.3.2",
                "dependencies": [],
                "directDependencies": [],
                "file": "v1/https/repo1.maven.org/maven2/javax/annotation/javax.annotation-api/1.3.2/javax.annotation-api-1.3.2.jar",
                "mirror_urls": [
                    "https://repo1.maven.org/maven2/javax/annotation/javax.annotation-api/1.3.2/javax.annotation-api-1.3.2.jar",
                    "https://repo.maven.apache.org/maven2/javax/annotation/javax.annotation-api/1.3.2/javax.annotation-api-1.3.2.jar"
                ],
                "sha256": "e04ba5195bcd555dc95650f7cc614d151e4bcd52d29a10b8aa2197f3ab89ab9b",
                "url": "https://repo1.maven.org/maven2/javax/annotation/javax.annotation-api/1.3.2/javax.annotation-api-1.3.2.jar"
            },
            {
                "coord": "javax.inject:javax.inject:1",
                "dependencies": [],
                "directDependencies": [],
                "file": "v1/https/repo1.maven.org/maven2/javax/inject/javax.inject/1/javax.inject-1.jar",
                "mirror_urls": [
                    "https://repo1.maven.org/maven2/javax/inject/javax.inject/1/javax.inject-1.jar",
                    "https://repo.maven.apache.org/maven2/javax/inject/javax.inject/1/javax.inject-1.jar"
                ],
                "sha256": "91c77044a50c481636c32d916fd89c9118a72195390452c81065080f957de7ff",
                "url": "https://repo1.maven.org/maven2/javax/inject/javax.inject/1/javax.inject-1.jar"
            },
            {
                "coord": "javax.ws.rs:jsr311-api:1.1.1",
                "dependencies": [],
                "directDependencies": [],
                "file": "v1/https/repo1.maven.org/maven2/javax/ws/rs/jsr311-api/1.1.1/jsr311-api-1.1.1.jar",
                "mirror_urls": [
                    "https://repo1.maven.org/maven2/javax/ws/rs/jsr311-api/1.1.1/jsr311-api-1.1.1.jar",
                    "https://repo.maven.apache.org/maven2/javax/ws/rs/jsr311-api/1.1.1/jsr311-api-1.1.1.jar"
                ],
                "sha256": "ab1534b73b5fa055808e6598a5e73b599ccda28c3159c3c0908977809422ee4a",
                "url": "https://repo1.maven.org/maven2/javax/ws/rs/jsr311-api/1.1.1/jsr311-api-1.1.1.jar"
            },
            {
                "coord": "joda-time:joda-time:2.10.10",
                "dependencies": [],
                "directDependencies": [],
                "file": "v1/https/repo1.maven.org/maven2/joda-time/joda-time/2.10.10/joda-time-2.10.10.jar",
                "mirror_urls": [
                    "https://repo1.maven.org/maven2/joda-time/joda-time/2.10.10/joda-time-2.10.10.jar",
                    "https://repo.maven.apache.org/maven2/joda-time/joda-time/2.10.10/joda-time-2.10.10.jar"
                ],
                "sha256": "dd8e7c92185a678d1b7b933f31209b6203c8ffa91e9880475a1be0346b9617e3",
                "url": "https://repo1.maven.org/maven2/joda-time/joda-time/2.10.10/joda-time-2.10.10.jar"
            },
            {
                "coord": "junit:junit:4.13.2",
                "dependencies": [
                    "org.hamcrest:hamcrest-core:1.3"
                ],
                "directDependencies": [
                    "org.hamcrest:hamcrest-core:1.3"
                ],
                "file": "v1/https/repo1.maven.org/maven2/junit/junit/4.13.2/junit-4.13.2.jar",
                "mirror_urls": [
                    "https://repo1.maven.org/maven2/junit/junit/4.13.2/junit-4.13.2.jar",
                    "https://repo.maven.apache.org/maven2/junit/junit/4.13.2/junit-4.13.2.jar"
                ],
                "sha256": "8e495b634469d64fb8acfa3495a065cbacc8a0fff55ce1e31007be4c16dc57d3",
                "url": "https://repo1.maven.org/maven2/junit/junit/4.13.2/junit-4.13.2.jar"
            },
            {
                "coord": "net.bytebuddy:byte-buddy-agent:1.12.7",
                "dependencies": [],
                "directDependencies": [],
                "file": "v1/https/repo1.maven.org/maven2/net/bytebuddy/byte-buddy-agent/1.12.7/byte-buddy-agent-1.12.7.jar",
                "mirror_urls": [
                    "https://repo1.maven.org/maven2/net/bytebuddy/byte-buddy-agent/1.12.7/byte-buddy-agent-1.12.7.jar",
                    "https://repo.maven.apache.org/maven2/net/bytebuddy/byte-buddy-agent/1.12.7/byte-buddy-agent-1.12.7.jar"
                ],
                "sha256": "73d84bb6e8e8980e674d796a29063f510ceb527c6f8c912a08a13e236be05c71",
                "url": "https://repo1.maven.org/maven2/net/bytebuddy/byte-buddy-agent/1.12.7/byte-buddy-agent-1.12.7.jar"
            },
            {
                "coord": "net.bytebuddy:byte-buddy:1.12.7",
                "dependencies": [],
                "directDependencies": [],
                "file": "v1/https/repo1.maven.org/maven2/net/bytebuddy/byte-buddy/1.12.7/byte-buddy-1.12.7.jar",
                "mirror_urls": [
                    "https://repo1.maven.org/maven2/net/bytebuddy/byte-buddy/1.12.7/byte-buddy-1.12.7.jar",
                    "https://repo.maven.apache.org/maven2/net/bytebuddy/byte-buddy/1.12.7/byte-buddy-1.12.7.jar"
                ],
                "sha256": "d2e46555699e70361b5471a7e142f9c67855bba6907a285177ebd8ad973775d8",
                "url": "https://repo1.maven.org/maven2/net/bytebuddy/byte-buddy/1.12.7/byte-buddy-1.12.7.jar"
            },
            {
                "coord": "org.checkerframework:checker-compat-qual:2.5.3",
                "dependencies": [],
                "directDependencies": [],
                "file": "v1/https/repo1.maven.org/maven2/org/checkerframework/checker-compat-qual/2.5.3/checker-compat-qual-2.5.3.jar",
                "mirror_urls": [
                    "https://repo1.maven.org/maven2/org/checkerframework/checker-compat-qual/2.5.3/checker-compat-qual-2.5.3.jar",
                    "https://repo.maven.apache.org/maven2/org/checkerframework/checker-compat-qual/2.5.3/checker-compat-qual-2.5.3.jar"
                ],
                "sha256": "d76b9afea61c7c082908023f0cbc1427fab9abd2df915c8b8a3e7a509bccbc6d",
                "url": "https://repo1.maven.org/maven2/org/checkerframework/checker-compat-qual/2.5.3/checker-compat-qual-2.5.3.jar"
            },
            {
                "coord": "org.checkerframework:checker-qual:3.12.0",
                "dependencies": [],
                "directDependencies": [],
                "file": "v1/https/repo1.maven.org/maven2/org/checkerframework/checker-qual/3.12.0/checker-qual-3.12.0.jar",
                "mirror_urls": [
                    "https://repo1.maven.org/maven2/org/checkerframework/checker-qual/3.12.0/checker-qual-3.12.0.jar",
                    "https://repo.maven.apache.org/maven2/org/checkerframework/checker-qual/3.12.0/checker-qual-3.12.0.jar"
                ],
                "sha256": "ff10785ac2a357ec5de9c293cb982a2cbb605c0309ea4cc1cb9b9bc6dbe7f3cb",
                "url": "https://repo1.maven.org/maven2/org/checkerframework/checker-qual/3.12.0/checker-qual-3.12.0.jar"
            },
            {
                "coord": "org.hamcrest:hamcrest-core:1.3",
                "dependencies": [],
                "directDependencies": [],
                "file": "v1/https/repo1.maven.org/maven2/org/hamcrest/hamcrest-core/1.3/hamcrest-core-1.3.jar",
                "mirror_urls": [
                    "https://repo1.maven.org/maven2/org/hamcrest/hamcrest-core/1.3/hamcrest-core-1.3.jar",
                    "https://repo.maven.apache.org/maven2/org/hamcrest/hamcrest-core/1.3/hamcrest-core-1.3.jar"
                ],
                "sha256": "66fdef91e9739348df7a096aa384a5685f4e875584cce89386a7a47251c4d8e9",
                "url": "https://repo1.maven.org/maven2/org/hamcrest/hamcrest-core/1.3/hamcrest-core-1.3.jar"
            },
            {
                "coord": "org.mockito:mockito-core:4.3.1",
                "dependencies": [
                    "net.bytebuddy:byte-buddy-agent:1.12.7",
                    "net.bytebuddy:byte-buddy:1.12.7",
                    "org.objenesis:objenesis:3.2"
                ],
                "directDependencies": [
                    "net.bytebuddy:byte-buddy-agent:1.12.7",
                    "net.bytebuddy:byte-buddy:1.12.7",
                    "org.objenesis:objenesis:3.2"
                ],
                "file": "v1/https/repo1.maven.org/maven2/org/mockito/mockito-core/4.3.1/mockito-core-4.3.1.jar",
                "mirror_urls": [
                    "https://repo1.maven.org/maven2/org/mockito/mockito-core/4.3.1/mockito-core-4.3.1.jar",
                    "https://repo.maven.apache.org/maven2/org/mockito/mockito-core/4.3.1/mockito-core-4.3.1.jar"
                ],
                "sha256": "148de2c6928365db29443ca12d35c930d9f481172b934fdd801d1cb1409ea83a",
                "url": "https://repo1.maven.org/maven2/org/mockito/mockito-core/4.3.1/mockito-core-4.3.1.jar"
            },
            {
                "coord": "org.objenesis:objenesis:3.2",
                "dependencies": [],
                "directDependencies": [],
                "file": "v1/https/repo1.maven.org/maven2/org/objenesis/objenesis/3.2/objenesis-3.2.jar",
                "mirror_urls": [
                    "https://repo1.maven.org/maven2/org/objenesis/objenesis/3.2/objenesis-3.2.jar",
                    "https://repo.maven.apache.org/maven2/org/objenesis/objenesis/3.2/objenesis-3.2.jar"
                ],
                "sha256": "03d960bd5aef03c653eb000413ada15eb77cdd2b8e4448886edf5692805e35f3",
                "url": "https://repo1.maven.org/maven2/org/objenesis/objenesis/3.2/objenesis-3.2.jar"
            },
            {
                "coord": "org.ow2.asm:asm-analysis:7.2",
                "dependencies": [
                    "org.ow2.asm:asm-tree:7.2",
                    "org.ow2.asm:asm:9.0"
                ],
                "directDependencies": [
                    "org.ow2.asm:asm-tree:7.2"
                ],
                "file": "v1/https/repo1.maven.org/maven2/org/ow2/asm/asm-analysis/7.2/asm-analysis-7.2.jar",
                "mirror_urls": [
                    "https://repo1.maven.org/maven2/org/ow2/asm/asm-analysis/7.2/asm-analysis-7.2.jar",
                    "https://repo.maven.apache.org/maven2/org/ow2/asm/asm-analysis/7.2/asm-analysis-7.2.jar"
                ],
                "sha256": "be922aae60ff1ff1768e8e6544a38a7f92bd0a6d6b0b9791f94955d1bd453de2",
                "url": "https://repo1.maven.org/maven2/org/ow2/asm/asm-analysis/7.2/asm-analysis-7.2.jar"
            },
            {
                "coord": "org.ow2.asm:asm-commons:7.2",
                "dependencies": [
                    "org.ow2.asm:asm-analysis:7.2",
                    "org.ow2.asm:asm-tree:7.2",
                    "org.ow2.asm:asm:9.0"
                ],
                "directDependencies": [
                    "org.ow2.asm:asm-analysis:7.2",
                    "org.ow2.asm:asm-tree:7.2",
                    "org.ow2.asm:asm:9.0"
                ],
                "file": "v1/https/repo1.maven.org/maven2/org/ow2/asm/asm-commons/7.2/asm-commons-7.2.jar",
                "mirror_urls": [
                    "https://repo1.maven.org/maven2/org/ow2/asm/asm-commons/7.2/asm-commons-7.2.jar",
                    "https://repo.maven.apache.org/maven2/org/ow2/asm/asm-commons/7.2/asm-commons-7.2.jar"
                ],
                "sha256": "0e86b8b179c5fb223d1a880a0ff4960b6978223984b94e62e71135f2d8ea3558",
                "url": "https://repo1.maven.org/maven2/org/ow2/asm/asm-commons/7.2/asm-commons-7.2.jar"
            },
            {
                "coord": "org.ow2.asm:asm-tree:7.2",
                "dependencies": [
                    "org.ow2.asm:asm:9.0"
                ],
                "directDependencies": [
                    "org.ow2.asm:asm:9.0"
                ],
                "file": "v1/https/repo1.maven.org/maven2/org/ow2/asm/asm-tree/7.2/asm-tree-7.2.jar",
                "mirror_urls": [
                    "https://repo1.maven.org/maven2/org/ow2/asm/asm-tree/7.2/asm-tree-7.2.jar",
                    "https://repo.maven.apache.org/maven2/org/ow2/asm/asm-tree/7.2/asm-tree-7.2.jar"
                ],
                "sha256": "c063f5a67fa03cdc9bd79fd1c2ea6816cc4a19473ecdfbd9e9153b408c6f2656",
                "url": "https://repo1.maven.org/maven2/org/ow2/asm/asm-tree/7.2/asm-tree-7.2.jar"
            },
            {
                "coord": "org.ow2.asm:asm-util:7.2",
                "dependencies": [
                    "org.ow2.asm:asm-analysis:7.2",
                    "org.ow2.asm:asm-tree:7.2",
                    "org.ow2.asm:asm:9.0"
                ],
                "directDependencies": [
                    "org.ow2.asm:asm-analysis:7.2",
                    "org.ow2.asm:asm-tree:7.2",
                    "org.ow2.asm:asm:9.0"
                ],
                "file": "v1/https/repo1.maven.org/maven2/org/ow2/asm/asm-util/7.2/asm-util-7.2.jar",
                "mirror_urls": [
                    "https://repo1.maven.org/maven2/org/ow2/asm/asm-util/7.2/asm-util-7.2.jar",
                    "https://repo.maven.apache.org/maven2/org/ow2/asm/asm-util/7.2/asm-util-7.2.jar"
                ],
                "sha256": "6e24913b021ffacfe8e7e053d6e0ccc731941148cfa078d4f1ed3d96904530f8",
                "url": "https://repo1.maven.org/maven2/org/ow2/asm/asm-util/7.2/asm-util-7.2.jar"
            },
            {
                "coord": "org.ow2.asm:asm:9.0",
                "dependencies": [],
                "directDependencies": [],
                "file": "v1/https/repo1.maven.org/maven2/org/ow2/asm/asm/9.0/asm-9.0.jar",
                "mirror_urls": [
                    "https://repo1.maven.org/maven2/org/ow2/asm/asm/9.0/asm-9.0.jar",
                    "https://repo.maven.apache.org/maven2/org/ow2/asm/asm/9.0/asm-9.0.jar"
                ],
                "sha256": "0df97574914aee92fd349d0cb4e00f3345d45b2c239e0bb50f0a90ead47888e0",
                "url": "https://repo1.maven.org/maven2/org/ow2/asm/asm/9.0/asm-9.0.jar"
            }
        ],
        "version": "0.1.0"
    }
}
